"Study Name","405056_0032_20260512_000002 NBeltLineRd-BluffviewDr(24hr)"
"Start Date","05/12/2026"
"Start Time","12:00 AM"
"Site Code",""
"",""
"",""
"",""
"",""

"Lights"
"","Southbound","","","Northbound","","","Eastbound","",""
"","SB N Belt Line Rd","","","NB N Belt Line Rd","","","EB Bluffview Rd","",""
"Start Time","Thru","Right","U-Turn","Left","Thru","U-Turn","Left","Right","U-Turn"
"12:00 AM","23","0","0","0","19","0","0","0","0"
"12:15 AM","21","0","0","1","15","0","0","0","0"
"12:30 AM","25","0","0","0","13","0","0","1","0"
"12:45 AM","20","0","0","0","11","0","0","1","0"
"1:00 AM","16","1","0","0","8","0","0","0","0"
"1:15 AM","10","0","0","0","8","0","0","1","0"
"1:30 AM","6","0","0","0","15","0","0","0","0"
"1:45 AM","9","0","0","0","10","0","0","0","0"
"2:00 AM","5","1","0","0","9","0","0","0","0"
"2:15 AM","13","0","0","0","14","0","0","0","0"
"2:30 AM","10","1","0","0","12","0","2","0","0"
"2:45 AM","8","0","0","0","10","0","0","1","0"
"3:00 AM","7","1","0","0","11","0","1","0","0"
"3:15 AM","13","0","0","0","15","0","0","0","0"
"3:30 AM","10","0","0","0","19","0","0","0","0"
"3:45 AM","25","0","0","0","18","0","1","0","0"
"4:00 AM","15","0","0","0","14","0","0","0","0"
"4:15 AM","43","0","0","0","29","0","0","1","0"
"4:30 AM","60","0","0","0","39","0","3","0","0"
"4:45 AM","54","0","0","1","49","0","0","1","0"
"5:00 AM","44","0","0","0","74","0","1","0","0"
"5:15 AM","76","0","0","0","120","0","3","1","0"
"5:30 AM","104","3","0","0","124","0","4","1","0"
"5:45 AM","116","0","0","0","172","0","6","1","0"
"6:00 AM","104","0","0","1","205","0","1","2","0"
"6:15 AM","121","0","0","1","278","0","5","1","0"
"6:30 AM","200","3","0","0","321","0","4","2","0"
"6:45 AM","193","1","0","0","359","0","6","3","0"
"7:00 AM","190","1","0","1","326","1","9","3","0"
"7:15 AM","255","2","0","3","359","0","7","3","0"
"7:30 AM","272","3","0","0","391","0","2","6","0"
"7:45 AM","302","7","0","0","383","0","6","1","0"
"8:00 AM","253","5","0","3","284","0","3","4","0"
"8:15 AM","237","3","0","1","298","1","4","3","0"
"8:30 AM","226","1","0","3","310","0","5","0","0"
"8:45 AM","260","1","0","4","285","0","1","3","0"
"9:00 AM","222","2","0","1","178","0","6","0","0"
"9:15 AM","212","4","0","0","176","0","3","3","0"
"9:30 AM","235","1","0","1","163","0","4","4","0"
"9:45 AM","228","3","0","0","141","0","3","2","0"
"10:00 AM","187","3","0","2","180","0","3","3","0"
"10:15 AM","171","4","0","1","176","0","1","1","0"
"10:30 AM","200","3","0","1","184","0","4","0","0"
"10:45 AM","172","1","0","3","191","1","3","6","0"
"11:00 AM","187","2","0","1","163","1","2","2","0"
"11:15 AM","202","0","0","1","166","0","3","3","0"
"11:30 AM","213","0","0","0","181","0","3","1","0"
"11:45 AM","193","5","0","2","188","0","4","0","0"
"12:00 PM","187","1","0","3","207","0","3","3","0"
"12:15 PM","188","3","0","1","179","0","3","0","0"
"12:30 PM","199","10","0","3","189","0","3","4","0"
"12:45 PM","219","2","0","4","171","1","3","5","0"
"1:00 PM","176","3","0","3","188","0","1","2","0"
"1:15 PM","240","3","0","1","210","0","6","1","0"
"1:30 PM","233","4","0","0","237","0","2","4","0"
"1:45 PM","268","7","0","2","210","0","2","4","0"
"2:00 PM","261","4","0","3","195","0","1","1","0"
"2:15 PM","246","7","0","4","213","0","0","5","0"
"2:30 PM","240","8","0","2","224","0","0","0","0"
"2:45 PM","261","7","0","2","251","0","7","6","0"
"3:00 PM","283","8","0","1","275","0","5","3","0"
"3:15 PM","299","5","0","3","306","0","2","3","0"
"3:30 PM","330","5","0","1","352","0","3","2","0"
"3:45 PM","360","9","0","3","250","1","3","1","0"
"4:00 PM","351","5","0","3","303","0","2","3","0"
"4:15 PM","355","10","0","3","246","0","9","4","0"
"4:30 PM","335","8","0","6","335","0","3","7","0"
"4:45 PM","373","10","0","1","293","0","5","6","0"
"5:00 PM","325","3","0","4","328","0","7","3","0"
"5:15 PM","376","3","0","2","313","0","3","3","0"
"5:30 PM","416","4","0","2","327","0","2","2","0"
"5:45 PM","400","5","0","4","231","0","3","0","0"
"6:00 PM","397","12","0","5","234","0","5","6","0"
"6:15 PM","338","13","0","3","250","0","1","6","0"
"6:30 PM","303","6","0","2","198","1","3","6","0"
"6:45 PM","271","11","0","5","192","0","2","1","0"
"7:00 PM","243","3","0","2","177","1","3","1","0"
"7:15 PM","223","2","0","1","167","0","6","2","0"
"7:30 PM","205","5","0","1","181","0","1","2","0"
"7:45 PM","185","5","0","4","159","0","4","3","0"
"8:00 PM","161","4","0","2","155","1","2","1","0"
"8:15 PM","186","9","0","1","163","0","1","1","0"
"8:30 PM","213","3","0","1","145","0","2","2","0"
"8:45 PM","135","4","0","0","113","0","7","5","0"
"9:00 PM","128","2","0","5","105","0","0","1","0"
"9:15 PM","117","1","0","1","117","0","4","1","0"
"9:30 PM","107","2","0","3","130","0","4","1","0"
"9:45 PM","83","1","0","3","104","0","2","1","0"
"10:00 PM","119","1","0","1","89","0","1","1","0"
"10:15 PM","93","0","0","2","86","0","2","0","0"
"10:30 PM","80","1","0","2","74","0","1","0","0"
"10:45 PM","63","1","0","0","56","0","0","0","0"
"11:00 PM","67","3","0","0","44","0","0","0","0"
"11:15 PM","58","0","0","0","44","0","0","0","0"
"11:30 PM","45","0","0","0","38","1","1","0","0"
"11:45 PM","27","0","0","1","22","0","0","0","0"
"12:00 AM","0","0","0","0","0","0","0","0","0"

"Mediums"
"","Southbound","","","Northbound","","","Eastbound","",""
"","SB N Belt Line Rd","","","NB N Belt Line Rd","","","EB Bluffview Rd","",""
"Start Time","Thru","Right","U-Turn","Left","Thru","U-Turn","Left","Right","U-Turn"
"12:00 AM","0","0","0","0","0","0","0","0","0"
"12:15 AM","0","0","0","0","0","0","0","0","0"
"12:30 AM","0","0","0","0","0","0","0","0","0"
"12:45 AM","0","0","0","0","0","0","0","0","0"
"1:00 AM","0","0","0","0","0","0","0","0","0"
"1:15 AM","0","0","0","0","0","0","0","0","0"
"1:30 AM","0","0","0","0","0","0","0","0","0"
"1:45 AM","0","0","0","0","0","0","0","0","0"
"2:00 AM","2","0","0","0","0","0","0","0","0"
"2:15 AM","0","0","0","0","0","0","0","0","0"
"2:30 AM","0","0","0","0","0","0","0","0","0"
"2:45 AM","0","0","0","0","0","0","0","0","0"
"3:00 AM","1","0","0","0","0","0","0","0","0"
"3:15 AM","0","0","0","0","0","0","0","0","0"
"3:30 AM","0","0","0","0","1","0","0","0","0"
"3:45 AM","2","0","0","0","2","0","0","0","0"
"4:00 AM","0","0","0","0","0","0","0","0","0"
"4:15 AM","0","0","0","0","1","0","0","0","0"
"4:30 AM","0","0","0","0","0","0","0","0","0"
"4:45 AM","0","0","0","0","0","0","0","0","0"
"5:00 AM","0","0","0","0","1","0","0","0","0"
"5:15 AM","0","0","0","0","0","0","0","0","0"
"5:30 AM","0","0","0","0","0","0","0","0","0"
"5:45 AM","1","0","0","0","0","0","0","0","0"
"6:00 AM","1","0","0","0","3","0","0","0","0"
"6:15 AM","1","0","0","0","1","0","0","0","0"
"6:30 AM","1","0","0","0","4","0","0","0","0"
"6:45 AM","0","0","0","0","5","0","0","0","0"
"7:00 AM","1","0","0","0","7","0","0","0","0"
"7:15 AM","2","0","0","0","2","0","0","0","0"
"7:30 AM","3","0","0","0","7","0","0","0","0"
"7:45 AM","7","0","0","0","5","0","0","0","0"
"8:00 AM","6","0","0","0","5","0","0","0","0"
"8:15 AM","3","0","0","0","4","0","0","0","0"
"8:30 AM","3","0","0","0","5","0","0","0","0"
"8:45 AM","3","0","0","0","6","0","0","0","0"
"9:00 AM","2","0","0","0","3","0","1","0","0"
"9:15 AM","5","0","0","0","7","0","0","0","0"
"9:30 AM","2","0","0","0","5","0","0","0","0"
"9:45 AM","3","0","0","0","3","0","0","0","0"
"10:00 AM","10","0","0","0","2","0","0","0","0"
"10:15 AM","1","0","0","0","4","0","0","0","0"
"10:30 AM","2","0","0","0","4","0","0","0","0"
"10:45 AM","2","0","0","0","2","0","0","0","0"
"11:00 AM","7","0","0","0","3","0","0","0","0"
"11:15 AM","1","0","0","0","3","0","0","0","0"
"11:30 AM","2","0","0","0","0","0","0","0","0"
"11:45 AM","7","0","0","0","5","0","0","0","0"
"12:00 PM","2","0","0","0","0","0","0","0","0"
"12:15 PM","5","1","0","0","5","0","0","0","0"
"12:30 PM","3","0","0","0","1","0","0","0","0"
"12:45 PM","5","0","0","0","2","0","0","0","0"
"1:00 PM","3","0","0","0","5","0","0","0","0"
"1:15 PM","4","0","0","0","1","0","0","0","0"
"1:30 PM","4","0","0","0","3","0","0","0","0"
"1:45 PM","3","0","0","0","3","0","0","0","0"
"2:00 PM","3","0","0","0","3","0","0","0","0"
"2:15 PM","3","0","0","0","5","0","0","0","0"
"2:30 PM","2","0","0","0","6","0","0","0","0"
"2:45 PM","2","0","0","0","7","0","0","0","0"
"3:00 PM","2","0","0","0","7","0","0","0","0"
"3:15 PM","4","0","0","0","2","0","0","0","0"
"3:30 PM","1","0","0","0","2","0","0","0","0"
"3:45 PM","3","0","0","0","1","0","0","0","0"
"4:00 PM","5","0","0","0","3","0","0","0","0"
"4:15 PM","4","0","0","0","2","0","0","0","0"
"4:30 PM","5","0","0","0","5","0","0","0","0"
"4:45 PM","4","0","0","0","2","0","0","0","0"
"5:00 PM","3","0","0","0","5","0","0","0","0"
"5:15 PM","4","0","0","0","3","0","0","0","0"
"5:30 PM","2","0","0","0","1","0","0","0","0"
"5:45 PM","7","0","0","0","1","0","0","0","0"
"6:00 PM","3","0","0","0","2","0","0","0","0"
"6:15 PM","3","0","0","0","1","0","0","0","0"
"6:30 PM","2","0","0","0","1","0","0","0","0"
"6:45 PM","3","0","0","0","2","0","0","0","0"
"7:00 PM","2","0","0","0","1","0","0","0","0"
"7:15 PM","0","0","0","0","2","0","0","0","0"
"7:30 PM","1","0","0","0","0","0","0","0","0"
"7:45 PM","0","0","0","0","2","0","0","0","0"
"8:00 PM","1","0","0","0","2","0","0","0","0"
"8:15 PM","1","0","0","0","1","0","0","0","0"
"8:30 PM","0","0","0","0","0","0","0","0","0"
"8:45 PM","0","0","0","0","1","0","0","0","0"
"9:00 PM","0","0","0","0","0","0","0","0","0"
"9:15 PM","0","0","0","0","0","0","0","0","0"
"9:30 PM","1","0","0","0","0","0","0","0","0"
"9:45 PM","1","0","0","0","0","0","0","0","0"
"10:00 PM","1","0","0","0","0","0","0","0","0"
"10:15 PM","0","0","0","0","0","0","0","0","0"
"10:30 PM","0","0","0","0","1","0","0","0","0"
"10:45 PM","1","0","0","0","1","0","0","0","0"
"11:00 PM","0","0","0","0","0","0","0","0","0"
"11:15 PM","0","0","0","0","2","0","0","0","0"
"11:30 PM","0","0","0","0","0","0","0","0","0"
"11:45 PM","0","0","0","0","0","0","0","0","0"
"12:00 AM","0","0","0","0","0","0","0","0","0"

"Articulated Trucks"
"","Southbound","","","Northbound","","","Eastbound","",""
"","SB N Belt Line Rd","","","NB N Belt Line Rd","","","EB Bluffview Rd","",""
"Start Time","Thru","Right","U-Turn","Left","Thru","U-Turn","Left","Right","U-Turn"
"12:00 AM","0","0","0","0","1","0","0","0","0"
"12:15 AM","2","0","0","0","0","0","0","0","0"
"12:30 AM","1","0","0","0","0","0","0","0","0"
"12:45 AM","0","0","0","0","0","0","0","0","0"
"1:00 AM","0","0","0","0","0","0","0","0","0"
"1:15 AM","0","0","0","0","0","0","0","0","0"
"1:30 AM","0","0","0","0","0","0","0","0","0"
"1:45 AM","0","0","0","0","0","0","0","0","0"
"2:00 AM","1","0","0","0","3","0","0","0","0"
"2:15 AM","0","0","0","0","1","0","0","0","0"
"2:30 AM","1","0","0","0","0","0","0","0","0"
"2:45 AM","0","0","0","0","0","0","0","0","0"
"3:00 AM","0","0","0","0","0","0","0","0","0"
"3:15 AM","0","0","0","0","0","0","0","0","0"
"3:30 AM","1","0","0","0","0","0","0","0","0"
"3:45 AM","0","0","0","0","0","0","0","0","0"
"4:00 AM","1","0","0","0","0","0","0","0","0"
"4:15 AM","0","0","0","0","0","0","0","0","0"
"4:30 AM","0","0","0","0","0","0","0","0","0"
"4:45 AM","1","0","0","0","0","0","0","0","0"
"5:00 AM","1","0","0","0","3","0","0","0","0"
"5:15 AM","2","0","0","0","2","0","0","0","0"
"5:30 AM","0","0","0","0","2","0","0","0","0"
"5:45 AM","1","0","0","0","3","0","0","0","0"
"6:00 AM","0","0","0","0","1","0","0","0","0"
"6:15 AM","0","0","0","0","3","0","0","0","0"
"6:30 AM","2","0","0","0","1","0","0","0","0"
"6:45 AM","1","0","0","0","2","0","0","0","0"
"7:00 AM","2","0","0","0","2","0","0","0","0"
"7:15 AM","1","0","0","0","3","0","0","0","0"
"7:30 AM","2","0","0","0","2","0","0","0","0"
"7:45 AM","2","0","0","0","5","0","0","0","0"
"8:00 AM","3","0","0","0","0","0","0","0","0"
"8:15 AM","0","0","0","0","2","0","0","0","0"
"8:30 AM","1","0","0","0","1","0","0","0","0"
"8:45 AM","0","0","0","0","2","0","0","0","0"
"9:00 AM","1","0","0","0","2","0","0","0","0"
"9:15 AM","0","0","0","0","2","0","0","0","0"
"9:30 AM","3","0","0","0","3","0","0","0","0"
"9:45 AM","0","0","0","0","4","0","0","0","0"
"10:00 AM","0","0","0","0","4","0","0","0","0"
"10:15 AM","0","0","0","0","10","0","0","0","0"
"10:30 AM","1","0","0","0","3","0","0","0","0"
"10:45 AM","1","0","0","0","3","0","0","0","0"
"11:00 AM","1","0","0","0","1","0","0","0","0"
"11:15 AM","1","0","0","0","2","0","0","0","0"
"11:30 AM","0","0","0","0","0","0","0","0","0"
"11:45 AM","1","0","0","0","0","0","0","0","0"
"12:00 PM","3","0","0","0","0","0","0","0","0"
"12:15 PM","3","0","0","0","0","0","0","0","0"
"12:30 PM","2","0","0","0","1","0","0","0","0"
"12:45 PM","0","0","0","0","2","0","0","0","0"
"1:00 PM","0","0","0","0","3","0","0","0","0"
"1:15 PM","0","0","0","0","3","0","0","0","0"
"1:30 PM","1","0","0","0","0","0","0","0","0"
"1:45 PM","8","0","0","0","1","0","0","0","0"
"2:00 PM","3","0","0","0","1","0","0","0","0"
"2:15 PM","3","0","0","0","2","0","0","0","0"
"2:30 PM","1","0","0","0","0","0","0","0","0"
"2:45 PM","1","0","0","0","2","0","0","0","0"
"3:00 PM","1","0","0","0","3","0","0","0","0"
"3:15 PM","3","0","0","0","3","0","0","0","0"
"3:30 PM","3","0","0","0","0","0","0","0","0"
"3:45 PM","2","0","0","0","0","0","0","0","0"
"4:00 PM","0","0","0","0","1","0","0","0","0"
"4:15 PM","2","0","0","0","2","0","0","0","0"
"4:30 PM","2","0","0","0","3","0","0","0","0"
"4:45 PM","5","0","0","0","1","0","0","0","0"
"5:00 PM","4","0","0","0","5","0","0","0","0"
"5:15 PM","4","0","0","0","0","0","0","0","0"
"5:30 PM","3","0","0","0","1","0","0","0","0"
"5:45 PM","5","0","0","0","0","0","0","0","0"
"6:00 PM","2","0","0","0","3","0","0","0","0"
"6:15 PM","1","0","0","0","0","0","0","0","0"
"6:30 PM","1","0","0","0","0","0","0","0","0"
"6:45 PM","2","0","0","0","0","0","0","0","0"
"7:00 PM","1","0","0","0","2","0","0","0","0"
"7:15 PM","1","0","0","0","0","0","0","0","0"
"7:30 PM","1","0","0","0","1","0","0","0","0"
"7:45 PM","1","0","0","0","0","0","0","0","0"
"8:00 PM","0","0","0","0","1","0","0","0","0"
"8:15 PM","0","0","0","0","1","0","0","0","0"
"8:30 PM","0","0","0","0","0","0","0","0","0"
"8:45 PM","2","0","0","0","1","0","0","0","0"
"9:00 PM","1","0","0","0","1","0","0","0","0"
"9:15 PM","2","0","0","0","1","0","0","0","0"
"9:30 PM","3","0","0","0","0","0","0","0","0"
"9:45 PM","0","0","0","0","0","0","0","0","0"
"10:00 PM","2","0","0","0","0","0","0","0","0"
"10:15 PM","1","0","0","0","1","0","0","0","0"
"10:30 PM","1","0","0","0","0","0","0","0","0"
"10:45 PM","2","0","0","0","0","0","0","0","0"
"11:00 PM","0","0","0","0","0","0","0","0","0"
"11:15 PM","1","0","0","0","0","0","0","0","0"
"11:30 PM","0","0","0","0","1","0","0","0","0"
"11:45 PM","1","0","0","0","0","0","0","0","0"
"12:00 AM","0","0","0","0","0","0","0","0","0"